epoch,accuracy,learning_rate,loss,precision,recall,val_accuracy,val_loss,val_precision,val_recall
0,0.912850022315979,0.0010000000474974513,0.2906302511692047,0.9372143149375916,0.8976222276687622,0.9905999898910522,0.030441412702202797,0.9916858673095703,0.9900000095367432
