epoch,accuracy,learning_rate,loss,precision,recall,val_accuracy,val_loss,val_precision,val_recall
0,0.9142888784408569,0.0010000000474974513,0.28991085290908813,0.9378490447998047,0.8984333276748657,0.9891999959945679,0.034847959876060486,0.9904819130897522,0.9886000156402588
1,0.9660888910293579,0.0010000000474974513,0.1192515417933464,0.9719675779342651,0.9614055752754211,0.9921000003814697,0.025201931595802307,0.9931849837303162,0.9909999966621399
2,0.9730222225189209,0.0010000000474974513,0.09589795023202896,0.9774866104125977,0.969427764415741,0.993399977684021,0.021535154432058334,0.9938926696777344,0.9926999807357788
